shortnam,name,yr.col,colonizer,continent,inst.age.1817,inst.age.1900,currentinst,s.america,mortality,imputedmort,logem4,extmort4,excolony,logpgp12,lat_abst,avexpr,avelf,logpgp95,loghjypl,catho80,muslim80,no_cpm80,edes1975,malfal94,leb95,imr95,meantemp,lt100km,latabs,euro1900,democ1,cons1,indtime,democ00a,cons00a,africa,asia,other,f_brit,f_french,rich4,sjlofr,baseco,temp1,temp2,temp3,temp4,temp5,humid1,humid2,humid3,humid4,steplow,deslow,stepmid,desmid,drystep,drywint,landlock,goldm,iron,silv,zinc,oilres,yellow,idep,post1900
AFG,Afganistan,,,Asia,,,,0,,93.7,4.540098,,,,0.3666667,,0.4484412,,,0,99.3,0.6999969,0,0.00372,,,,,,0,1,1,195,1,1,0,1,0,1,0,0,1,,10,14,40,-21,11,51,80,22,70,1,1,0,0,0,0,1,0,0,0,0,0,0,1919,1
AGO,Angola,1483,Portugal,Africa,334,417,172,0,280,280,5.634789,280,1,8.716929,0.1366667,5.363636,0.772755,7.770645,-3.411248,68.7,0,11.5,0,0.95,46.49,125,22.94133,0.118758,0.136667,8,0,3,20,0,1,1,0,0,0,0,0,1,1,26,28,37,14,21,77,84,74,78,1,1,0,0,0,0,0,0,0,0,0,146000,1,1975,1
ARE,United Arab Emirates,1507,Portugal,Asia,310,393,26,0,,,,,1,10.647324,0.2666667,7.181818,,9.804219,,0.4,94.9,4.399999,0,0.0123,,,,,,0,,,,,,0,1,0,1,0,0,0,,,,,,,,,,,,,,,,,0,,,,,,0,1971,1
ARG,Argentina,1512,Spain,South America,305,388,124,1,68.9,68.9,4.232656,68.9,1,,0.3777778,6.386364,0.1769318,9.133459,-0.8722738,91.6,0.2,5.500001,90,0,72.89,21.8,17.1,0.123089,0.377778,60,1,1,170,3,3,0,0,0,0,0,0,1,1,17,25,40,-6,6,81,92,60,79,1,0,0,1,0,0,0,0,0,0,0,46900,0,1816,0
ARM,Armenia,,,Asia,,,32,0,,,,,,8.801652,0.4444444,,,7.682482,,0,0,100,0,0,,,,,,0,,,,,,0,1,0,0,0,0,0,,8,12,40,-27,10,62,91,36,75,0,0,1,0,0,0,0,0,0,0,0,0,0,1991,1
AUS,Australia,1788,England,Other,29,112,10,0,8.55,8.55,2.145931,8.55,1,10.705441,0.3,9.318182,0.1127971,9.897972,-0.1707883,29.6,0.2,46.7,99,0,78.25,5.6,20.9,0.198958,0.3,98,10,7,94,10,7,0,0,1,1,0,1,0,1,17,18,43,-10,3,56,85,35,64,1,1,0,0,0,0,0,3,16,9,12,99100,1,1901,1
AUT,Austria,,,Other,,,29,0,,,,,0,10.696655,0.5244445,9.727273,0.0332123,9.974877,-0.3438998,88.8,0.6,4.099997,100,0,,,,,,100,,,,,,0,0,0,0,0,0,0,,8,13,38,-23,9,72,86,49,76,0,0,0,0,0,0,1,0,0,0,0,11900,0,1918,1
AZE,Azerbaijan,,,Asia,,,67,0,,,,,,9.270861,0.4477778,,,7.306531,,0,93.4,6.599998,0,0,,,,,,0,,,,,,0,1,0,0,0,0,0,,14,12,40,-27,10,62,91,36,75,0,0,1,0,0,0,1,0,0,0,0,177000,0,1991,1
BDI,Burundi,,,Africa,,,159,0,,280,5.634789,,,6.328423,0.0366667,,0.0133333,6.565265,-3.506558,78.3,0.9,15.9,0,0.95,,,,,,0,3,5,34,0,1,1,0,0,0,0,0,1,,24,28,31,17,20,55,82,55,82,0,0,0,0,0,0,0,0,0,0,0,0,1,1962,1
BEL,Belgium,,,Other,,,33,0,,,,,0,10.591328,0.5611111,9.681818,0.3638344,9.992871,-0.1791266,90,1.1,8.5,100,0,,,,,,100,,,,,,0,0,0,0,0,0,1,,10,13,37,-17,6,87,94,65,86,0,0,0,0,0,0,0,0,0,0,0,0,0,1830,0
BEN,Benin,,,Africa,,,175,0,,266.52,5.585449,,,7.366976,0.1033333,,0.6831192,7.090077,-2.830218,18.5,15.2,63.5,0,0.95,,,,,,0,4,3,35,0,1,1,0,0,0,1,0,1,,27,31,35,18,22,83,91,68,78,1,0,0,0,0,0,0,0,0,0,0,3930,1,1960,1
BFA,Burkina Faso,1896,France,Africa,0,4,153,0,280,280,5.634789,280,1,7.321831,0.1444445,4.454545,0.5467181,6.84588,-3.540459,9,43,46.4,0,0.95,44.39,98.8,28.1,0,0.144444,0,0,3,35,0,1,1,0,0,0,1,0,1,1,29,38,48,9,19,38,81,19,67,1,0,0,0,0,0,1,0,0,0,0,0,1,1960,1
BGD,Bangladesh,1537,Portugal,Asia,280,363,129,0,71.41,71.41,4.268438,71.41,1,7.540647,0.2666667,5.136364,0,6.877296,-2.063568,0.2,85.9,13.7,0,0.12008,58.13,78.8,25.68621,0.401598,0.266667,0,8,7,23,0,1,0,1,0,1,0,0,0,1,25,29,42,7,24,37,74,37,74,0,0,0,0,0,0,0,0,0,0,0,0,1,1971,1
BGR,Bulgaria,,,Other,,,66,0,,,,,0,9.676124,0.4777778,8.909091,0.1157407,8.457443,,0.5,10.6,88.5,100,0,,,,,,100,,,,,,0,0,0,0,0,0,0,,9,16,37,-21,8,71,90,46,78,0,0,0,0,0,0,0,0,0,0,0,34,0,1908,1
BHR,Bahrain,1521,Portugal,Asia,296,379,42,0,,,,,1,10.126473,0.2888889,8,,9.685953,,0.8,95,3.3,0,,,,,,,0,,,,,,0,1,0,1,0,0,0,,25,29,45,5,24,69,85,63,77,0,1,0,0,0,0,0,0,0,0,0,131000,0,1971,1
BHS,"Bahamas, The",1718,England,Other,99,182,77,0,85,85,4.442651,85,1,10.361836,0.2683333,7.5,0,9.285448,,25.5,0,27.3,10,,,,,,,10,,,,,,0,0,0,1,0,0,0,1,25,29,34,5,19,79,84,62,73,0,0,0,0,0,0,0,0,0,0,0,0,1,1973,1
BIH,Bosnia and Herzegovina,,,Other,,,126,0,,,,,,9.130771,0.4888889,,,,,15,40,41,100,0,,,,,,100,,,,,,0,0,0,0,0,0,0,,10,20,41,-22,7,70,93,40,77,0,0,0,0,0,0,0,0,0,0,0,0,0,1992,1
BLR,Belarus,,,Other,,,58,0,,,,,,9.65453,0.5888889,,,8.340456,,14,0,86,100,0,,,,,,100,,,,,,0,0,0,0,0,0,0,,4,2,32,-32,5,58,87,43,83,0,0,0,0,0,0,1,0,0,0,0,0,0,1991,1
BLZ,Belize,,,South America,,,105,1,,163.3,5.095589,,,,0.1905556,,0.4090909,8.377932,,66.8,0,20,20,0.01248,,,,,,20,,,,,1,0,0,0,1,0,0,0,,26,32,36,9,18,90,94,86,91,0,0,0,0,0,0,0,0,0,0,0,0,1,1981,1
BOL,Bolivia,1524,Spain,South America,293,376,155,1,71,71,4.26268,71,1,8.571013,0.1888889,5.636364,0.5994118,7.926602,-1.966113,92.5,0,5.2,30,0.00165,61.39,65.6,21.5,0,0.188889,30,1,3,170,4,3,0,0,0,0,0,0,1,1,12,21,27,-3,2,77,93,49,74,0,0,0,0,0,0,1,0,0,0,0,14300,1,1825,0
BRA,Brazil,1500,Portugal,South America,317,400,130,1,71,71,4.26268,71,1,9.385043,0.1111111,7.909091,0.0557809,8.727454,-1.142564,87.8,0.1,8.099997,55,0.036,66.78,42.4,23.7,0.092516,0.111111,40,1,1,171,1,3,0,0,0,0,0,0,1,1,25,32,39,10,18,82,87,68,74,1,0,0,0,0,0,0,2,0.1,0,1,19400,1,1822,0
BRB,Barbados,,,South America,,,88,1,,85,4.442651,,,,0.1455556,,0.0733333,9.266721,-0.9063404,5.9,0.2,60.7,20,,,,,,,20,,,,,1,0,0,0,1,0,0,0,,26,31,33,16,21,67,79,64,78,0,0,0,0,0,0,0,0,0,0,0,21000,1,1966,1
BTN,Bhutan,,,Other,,,148,0,,,,,,8.809771,0.3033333,,0.4375,,,0,5,95,0,0.418,,,,,,0,0,1,88,0,1,0,0,0,1,0,0,0,,17,24,36,-2,18,68,90,53,84,0,0,0,0,0,0,1,0,0,0,0,0,0,1907,1
BWA,Botswana,1885,England,Africa,0,15,59,0,,,,,1,9.700232,0.2444444,7.727273,0.3775,8.855093,-2.36446,9.4,0,63.8,0,0.304,,,,,,0,10,7,29,0,1,1,0,0,1,0,0,0,,20,31,42,-4,10,55,74,55,74,1,0,0,0,0,0,1,0,0,0,0,0,1,1966,1
CAF,Central African Republic,,,Africa,,,185,0,,280,5.634789,,,6.753477,0.0777778,,0.7855555,7.192934,-3.411248,33.1,3.2,13.7,0,0.95,,,,,,0,0,1,35,0,1,1,0,0,0,1,0,1,,27,34,38,14,18,90,96,49,72,0,0,0,0,0,0,1,0,0,0,0,0,1,1960,1
CAN,Canada,1535,France,Other,282,365,17,0,16.1,16.1,2.778819,,,10.658045,0.6666667,9.727273,0.3761876,9.986449,-0.0608122,46.6,0.6,23.2,98,0,78.98,6,-0.2,0.021164,0.666667,99,7,7,128,9,7,0,0,0,1,0,1,0,1,4,12,39,-37,3,76,90,40,76,0,0,1,0,0,0,0,4,7,13,15,185000,0,1867,0
CHE,Switzerland,,,Other,,,28,0,,,,,0,10.884943,0.5222222,10,0.307598,10.12021,-0.1346749,52.8,0.3,3.7,100,0,,,,,,100,,,,,,0,0,0,0,0,0,0,,9,15,38,-23,7,80,92,51,76,0,0,0,0,0,0,1,0,0,0,0,0,0,1291,0
CHL,Chile,1520,Spain,South America,297,380,37,1,68.9,68.9,4.232656,68.9,1,10.014674,0.3333333,7.818182,0.050625,9.336092,-1.335601,82.1,0,16,50,0,74.94,12.8,13.4,0.660182,0.333333,50,1,1,177,5,7,0,0,0,0,0,0,1,1,17,27,37,-4,6,70,93,38,64,1,1,0,0,0,0,0,0,0,0,0,21700,0,1810,0
CHN,China,,,Asia,,,91,0,,118,4.770685,118,0,9.130541,0.3888889,7.772727,0.2333264,7.886081,-2.813411,0,2.4,97.6,0,0.0138,,,,,,0,,,,,,0,1,0,0,0,0,0,,11,13,43,-23,15,46,74,46,74,0,0,1,1,0,0,0,0,5,0,3,19800,0,1949,1
CIV,Côte d'Ivoire,1843,France,Africa,0,57,177,0,668,668,6.504288,668,1,7.620299,0.0888889,7,0.8565299,7.444249,-2.333044,18.5,24,52.8,0,0.95,46.72,87.3,26.0907,0.171056,0.088889,0,0,1,35,0,1,1,0,0,0,1,0,1,1,26,31,36,15,20,93,96,71,82,0,0,0,0,0,0,0,0,0,0,0,7460,1,1960,1
CMR,Cameroon,1884,Germany,Africa,0,16,161,0,280,280,5.634789,280,1,7.758745,0.0666667,6.454545,0.8520455,7.501082,-2.577022,35,22,24.9,0,0.95,54.73,74.4,24.43333,0.09824,0.066667,0,0,3,35,0,1,1,0,0,0,0,0,1,1,25,31,36,14,17,97,98,62,75,0,0,0,0,0,0,0,0,0,0,0,31900,1,1960,1
COG,"Congo, Dem. Rep.",1885,Belgium,Africa,0,15,181,0,240,240,5.480639,240,1,8.395268,0.0111111,4.681818,0.6692753,7.420579,-2.103734,53.9,0.4,20.8,0,0.95,48.55,89.5,24.75151,0.047893,0.011111,0,5,4,35,0,1,1,0,0,0,1,0,1,1,25,32,37,12,19,77,89,54,71,0,0,0,0,0,0,0,0,0,0,0,338000,1,1960,1
COL,Colombia,1499,Spain,South America,318,401,45,1,71,71,4.26268,71,1,9.266961,0.0444444,7.318182,0.055796,8.809863,-1.331806,96.6,0.2,2.300002,25,0.14637,70.43,30,22.5,0.159722,0.044444,20,4,3,163,3,5,0,0,0,0,0,0,1,1,14,22,24,4,7,82,88,51,64,0,0,0,0,0,0,0,0,0,0,0,57,1,1810,0
COM,Comoros,,,Africa,,,158,0,,,,,,7.114559,0.1344444,,1,7.383989,-3.352407,0.1,99.7,0.100003,5,0.95,,,,,,5,5,5,20,0,1,1,0,0,0,1,0,1,,26,30,33,19,22,74,79,74,78,0,0,0,0,0,0,0,0,0,0,0,0,1,1975,1
CPV,Cape Verde,,,Africa,,,122,0,,,,,,8.396182,0.1777778,,0.375,7.979339,-2.577022,95.9,0,1.099998,5,0,,,,,,5,,,,,,1,0,0,0,0,0,1,,25,30,34,13,22,58,74,54,73,0,0,0,0,0,0,0,0,0,0,0,0,1,1975,1
CRI,Costa Rica,1502,Spain,South America,315,398,110,1,,78.1,4.35799,78.1,1,9.468531,0.1111111,7.045455,0.0532143,8.794825,-1.358679,90.5,0,3.7,20,0,76.03,12.1,25.1,1,0.111111,20,0,3,157,10,7,0,0,0,0,0,0,1,1,21,29,33,9,14,80,92,55,78,0,0,0,0,0,0,0,0,0,0,0,0,1,1821,0
CZE,Czech Republic,,,Other,,,65,0,,,,,0,10.188299,0.5494444,8.863636,,9.204322,-1.555897,39.2,0,56.2,100,0,,,,,,100,,,,,,0,0,0,0,0,0,0,,5,13,38,-28,6,74,87,45,78,0,0,0,0,0,0,1,0,0,0,0,0,0,1918,1
DEU,Germany,,,Other,,,20,0,,,,,,10.618918,0.5666667,,0.0437553,9.935471,-0.2008929,35,0.02,18.58,100,0,,,,,,100,,,,,,0,0,0,0,0,0,0,,8,14,38,-24,8,78,91,50,81,0,0,0,0,0,0,0,0,0,0,0,5580,0,1871,0
DJI,Djibouti,,,Africa,,,171,0,,26,3.258096,,,,0.1255556,,0.7142857,,,6.7,90.6,2.500002,,0.95,,,,,,0,,,,,,1,0,0,0,1,0,1,,32,34,47,17,23,57,84,43,74,1,0,0,0,0,0,0,0,0,0,0,0,1,1977,1
DNK,Denmark,,,Other,,,5,0,,,,,,10.647473,0.6222222,9.727273,0.0275,10.00559,-0.3710637,0.6,0.2,4.000003,100,0,,,,,,100,,,,,,0,0,0,0,0,0,0,,8,10,33,-24,8,70,89,59,87,0,0,0,0,0,0,0,0,0,0,0,141000,0,965,0
DOM,Dominican Republic,1492,Spain,South America,325,408,116,1,130,130,4.867535,130,1,9.230497,0.2111111,6.181818,0.0108306,8.364042,-1.579879,96.6,0,2.000001,25,0,70.61,33.6,25.6,1,0.211111,25,1,3,151,1,3,0,0,0,0,1,0,1,1,26,33,37,15,20,88,92,58,66,0,0,0,0,0,0,0,0,0,0,0,0,1,1844,0
DZA,Algeria,1830,France,Africa,0,70,152,0,,78.2,4.35927,78.2,1,9.049626,0.3111111,6.5,0.293724,8.389359,-1.114742,0.5,99.1,0.4000015,0,0,68.89,43.8,19.3,0.047186,0.311111,13,0,2,33,0,1,1,0,0,0,1,0,1,1,21,24,42,0,1,67,75,57,66,0,1,0,0,0,0,0,0,0,0,0,339000,0,1962,1
ECU,Ecuador,1563,Spain,South America,254,337,139,1,71,71,4.26268,71,1,9.189732,0.0222222,6.545455,0.3253571,8.470101,-1.439695,96.4,0,1.699998,30,0.11895,69.52,45.6,19.1,0.368411,0.022222,30,1,3,165,1,3,0,0,0,0,0,0,1,1,15,26,30,0,4,80,94,40,60,0,0,1,0,0,0,0,0,0,0,0,141,0,1822,0
EGY,"Egypt, Arab Rep.",1798,France,Africa,19,102,109,0,67.8,67.8,4.216562,67.8,1,8.813373,0.3,6.772727,0.0230618,7.95156,-1.676647,0.2,81.8,17.8,0,0,66.27,50.5,22.6,0.239163,0.3,0,0,1,184,7,7,1,0,0,1,0,0,1,1,24,31,47,1,17,50,70,18,41,0,1,0,0,0,0,0,0,0,0,0,111000,0,1922,1
ERI,Eritrea,,,Africa,,,182,0,,,,,,6.339043,0.1666667,,,6.620073,,0,33,,0,0.7315,,,,,,0,,,,,,1,0,0,0,0,0,1,,31,33,44,17,23,56,83,44,74,0,0,0,0,0,0,0,0,0,0,0,0,1,1993,1
ESP,Spain,,,Other,,,44,0,,,,,,10.394568,0.4444444,9.681818,0.2745161,9.618468,-0.3827257,96.9,0,2.999999,100,0,,,,,,100,,,,,,0,0,0,0,0,0,1,,15,16,39,-10,8,58,86,33,71,0,0,0,0,0,0,0,0,0,0,3,575,0,1492,0
EST,Estonia,,,Other,,,21,0,,,,,,10.046064,0.6555555,,,8.393895,,2,0.01,31.99,100,0,,,,,,100,,,,,,0,0,0,0,0,0,0,,5,7,33,-33,5,70,91,58,89,0,0,0,0,0,0,0,0,0,0,0,,0,1991,1
ETH,Ethiopia,1896,Italy ,Africa,0,4,127,0,26,26,3.258096,26,1,7.037666,0.0888889,5.727273,0.6770825,6.109248,,0.7,31.4,64.1,0,0.551,43.32,116,,0.021018,0.088889,0,0,1,49,5,7,1,0,0,0,0,0,1,1,17,27,34,0,7,56,86,33,73,0,0,0,0,0,0,0,0,0,0,0,0,1,-2000,0
FIN,Finland,,,Other,,,11,0,,,,,,10.562422,0.7111111,9.727273,0.105,9.826066,-0.3092462,0.1,0,6.800002,100,0,,,,,,100,,,,,,0,0,0,0,0,0,0,,5,7,33,-33,5,70,91,58,89,0,0,0,0,0,0,0,0,0,0,0,0,0,1917,1
FJI,Fiji,,,Other,,,60,0,,11.4,2.433613,,,8.505686,0.2,,0.8,8.301521,-1.298283,9,7.8,44.1,,,,,,,,,9,7,25,0,1,0,0,1,1,0,0,0,,25,32,37,13,19,76,82,73,79,0,0,0,0,0,0,0,0,0,0,0,0,0,1970,1
FRA,France,,,Other,,,34,0,,2.88,1.05779,,,10.494162,0.5111111,9.727273,0.1454839,9.963641,-0.2008929,76.4,3,18.2,100,0,,,,,,100,,,,,,0,0,0,0,0,0,1,,13,15,40,-15,9,82,91,54,82,0,0,0,0,0,0,0,0,1,0,0,3090,0,486,0
GAB,Gabon,1875,France,Africa,0,25,170,0,280,280,5.634789,,,9.685675,0.0111111,7.818182,0.7966667,8.907883,-1.851509,65.2,0.8,15.2,0,0.9405,52.42,87.3,24.5,0.261791,0.011111,0,0,2,35,0,1,1,0,0,0,1,0,1,1,27,33,37,17,19,85,95,69,79,0,0,0,0,0,0,0,0,0,0,0,579000,1,1960,1
GBR,United Kingdom,,,Other,,,7,0,,2.55,0.9360933,2.55,0,10.515999,0.6,9.772727,0.1062846,9.87817,-0.3188288,13.1,1.4,69.4,100,0,,,,,,100,,,,,,0,0,0,0,0,0,0,,12,14,34,-10,7,70,87,56,81,0,0,0,0,0,0,0,0,0,0,0,71700,0,927,0
GEO,Georgia,,,Asia,,,9,0,,,,,,8.682967,0.4666667,,,7.37149,,1,11,88,100,0,,,,,,100,,,,,,0,1,0,0,0,0,0,,13,20,40,-15,14,57,80,40,65,0,0,1,0,0,0,0,0,0,0,0,0,0,1991,1
GHA,Ghana,1874,England,Africa,0,26,64,0,668,668,6.504288,668,1,7.624223,0.0888889,6.272727,0.7060708,7.36518,-2.956511,18.7,15.7,39.8,0,0.95,60,65.8,26.35758,0.192991,0.088889,0,0,1,35,0,1,1,0,0,1,0,0,0,1,27,32,38,15,21,95,97,61,77,1,0,0,0,0,0,0,0,0,0,0,30,1,1957,1
GIN,Guinea,1890,France,Africa,0,10,178,0,483,483,6.180017,,,6.974252,0.1222222,6.545455,0.75983,7.489971,-3.146555,1.1,69,29.8,0,0.95,46.5,124,24.43889,0.140641,0.122222,0,0,1,37,0,1,1,0,0,0,1,0,1,1,27,31,36,17,21,83,94,63,87,0,0,0,0,0,0,0,0,0,0,0,0,1,1958,1
GMB,"Gambia, The",1618,England,Africa,199,282,147,0,1470,1470,7.293018,1470,1,7.57462,0.1475556,8.272727,0.7803704,7.272398,-3.036554,1.9,84.8,12.9,0,0.95,47,122,25.66596,0.39977,0.147556,0,10,7,30,0,1,1,0,0,1,0,0,0,1,24,33,41,7,21,66,95,26,78,0,0,0,0,0,0,0,0,0,0,0,0,1,1965,1
GNB,Guinea-Bissau,1455,Portugal,Africa,362,445,179,0,,164.66,5.103883,164.66,1,7.083735,0.1333333,4.545455,0.85,,-3.244194,10.2,38.3,50.9,0,0.95,,,,,,0,0,3,21,0,1,1,0,0,0,0,0,1,,28,35,43,13,21,70,87,45,74,0,0,0,0,0,0,0,0,0,0,0,0,1,1973,1
GRC,Greece,,,Other,,,78,0,,,,,,10.139798,0.4333333,7.818182,0.0777778,9.39765,-0.7571525,0.4,1.5,98,100,0,,,,,,100,,,,,,0,0,0,0,0,0,1,,19,21,43,-6,16,47,78,34,63,0,0,0,0,0,0,0,0,0,0,0,4010,0,1830,0
GTM,Guatemala,1519,Spain,South America,298,381,93,1,71,71,4.26268,,,8.537425,0.17,5.136364,0.4766667,8.294049,-1.560648,94,0,1.1,20,0.0036,64.04,46,21.7,0.425458,0.17,20,1,1,156,0,1,0,0,0,0,0,0,1,1,19,28,32,5,12,81,92,51,72,0,0,0,0,0,0,0,0,0,0,0,2700,1,1821,0
GUY,Guyana,1616,Netherlands,Other,201,284,114,0,32.18,32.18,3.471345,32.18,1,8.13131,0.0555556,5.886364,0.2377778,7.904704,-2.253795,18,9,55,2,0.49503,,,,,,2,5,7,29,0,1,0,0,0,1,0,0,0,1,27,31,34,20,22,83,93,69,77,0,0,0,0,0,0,0,0,0,0,0,0,1,1966,1
HKG,"Hong Kong SAR, China",1842,England,Asia,0,58,2,0,14.9,14.9,2.701361,14.9,1,10.857952,0.2461111,8.136364,0.2368212,10.04975,-0.4975804,7.9,0.5,84.1,0,0,,,22.6,1,0.246111,4,,,,,,0,1,0,1,0,0,0,1,21,26,36,0,22,73,87,60,78,0,0,0,0,0,0,0,0,0,0,0,0,0,NA,1
HND,Honduras,1524,Spain,South America,293,376,125,1,78.1,78.1,4.35799,78.1,1,8.353066,0.1666667,5.318182,0.0973593,7.68708,-2.040221,95.8,0.1,1.499997,20,0.012,69.4,35,25.4,0.668602,0.166667,20,1,3,156,6,5,0,0,0,0,0,0,1,1,22,25,30,14,18,79,91,43,70,0,0,0,0,0,0,0,0,0,0,0,0,1,1821,0
HRV,Croatia,,,Other,,,84,0,,,,,,9.929741,0.5011111,,,8.418477,,76.5,1.2,21.9,100,0,,,,,,100,,,,,,0,0,0,0,0,0,0,,12,20,42,-25,8,71,85,46,76,0,0,0,0,0,0,0,0,0,0,0,,0,1991,1
HTI,Haiti,1697,France,South America,120,203,174,1,130,130,4.867535,130,1,7.113134,0.2111111,3.727273,0.0644048,7.146772,-2.864704,82.6,0,4.600001,0,1,53.75,67.7,26.58033,1,0.211111,0,0,1,175,0,1,0,0,0,0,1,0,1,1,27,34,38,16,20,68,79,43,56,0,0,0,0,0,0,0,0,0,0,0,0,1,1804,0
HUN,Hungary,,,Other,,,54,0,,,,,0,10.004175,0.5222222,9,0.0650794,8.809863,-1.180907,53.9,0,24.5,100,0,,,,,,100,,,,,,0,0,0,0,0,0,0,,9,14,39,-23,8,71,88,47,81,0,0,0,0,0,0,1,0,0,0,0,14000,0,1918,1
IDN,Indonesia,1512,Portugal,Asia,305,388,128,0,170,170,5.135798,170,1,8.508344,0.0556,7.590909,0.7421975,8.070906,-2.207275,2.7,43.4,49.1,0,0.17873,65.13,48.4,26.8,0.74576,0.055556,0,0,1,50,0,1,0,1,0,0,0,0,1,1,28,33,37,19,21,90,95,61,75,0,0,0,0,0,0,0,0,0,0,0,29700,1,1945,1
IND,India,1765,England,Asia,52,135,132,0,48.63,48.63,3.884241,,,8.262562,0.2222,8.272727,0.6905679,7.326,-2.453408,1.3,11.6,86,0,0.23596,62.59,72.3,25.9,0.156776,0.222222,0,9,7,45,0,1,0,1,0,1,0,0,0,1,24,28,46,-1,22,35,80,19,64,1,0,0,0,0,0,0,0,5,0,7,6750,0,1947,1
IRL,Ireland,,,Other,,,15,0,,,,,,10.682618,0.5888889,9.727273,0.0903571,9.769384,-0.549913,95.3,0,3.599997,100,0,,,,,,,,,,,,0,0,0,1,0,0,0,,9,14,30,-12,3,75,88,75,88,0,0,0,0,0,0,0,0,0,0,3,0,0,1921,1
IRN,"Iran, Islamic Rep.",,,Asia,,,145,0,,,,,0,,0.3555556,4.772727,,8.605204,-1.22078,0.1,97.9,1.999998,0,0.119,,,,,,0,,,,,,0,1,0,0,0,0,1,,15,18,43,-21,15,47,77,39,75,1,1,0,0,0,0,0,0,0,0,1,1470,0,1521,0
IRQ,Iraq,1920,England,Asia,0,0,165,0,,,,,1,8.35369,0.3666667,1.636364,,,,1.8,95.8,2.399997,0,0.00728,,,,,,0,,,,,,0,1,0,1,0,0,1,,21,25,49,-8,18,32,84,12,52,1,0,0,0,0,0,0,0,0,0,0,5020000,0,1932,1
ISL,Iceland,,,Other,,,14,0,,,,,,10.541427,0.7222222,9.727273,0.1,9.943669,-0.3147107,0.7,0,2.700001,100,0,,,,,,100,,,,,,0,0,0,0,0,0,0,,5,10,23,-17,1,75,83,67,80,0,0,0,0,0,0,0,0,0,0,0,0,0,1918,1
ISR,Israel,1917,England,Asia,0,0,38,0,,,,,1,10.369374,0.3477778,8.545455,0.3270557,9.784141,-0.4170318,1,8,90.8,0,0,,,,,,0,,,,,,0,1,0,1,0,0,0,,20,25,42,-3,11,47,77,32,66,0,1,0,0,0,0,0,0,0,0,0,0,0,1948,1
ITA,Italy,,,Other,,,73,0,,,,,0,10.407606,0.4722222,9.454545,0.0388682,9.897972,-0.1815219,83.2,0.1,16.3,100,0,,,,,,100,,,,,,0,0,0,0,0,0,1,,17,19,40,-6,12,70,87,42,70,0,0,0,0,0,0,0,0,0,0,0,12900,0,1861,0
JAM,Jamaica,1494,Spain,South America,323,406,90,1,130,130,4.867535,130,1,,0.2016667,7.090909,0.0125,8.188689,-2.040221,9.6,0.1,34.8,10,0,74.82,21.9,26.5,1,0.201667,1.9,10,7,36,0,1,0,0,0,1,0,0,0,1,26,33,36,14,20,77,88,61,73,0,0,0,0,0,0,0,0,0,0,0,0,1,1962,1
JOR,Jordan,,,Asia,,,106,0,,,,,,8.72383,0.3444445,6.772727,0.0297194,8.171882,-0.87707,1.7,93,5,0,0,,,,,,0,,,,,,0,1,0,1,0,0,1,,19,24,43,-6,13,39,80,28,56,0,1,0,0,0,0,0,0,0,0,0,899,0,1946,1
JPN,Japan,,,Asia,,,24,0,,,,,,10.468163,0.4,9.727273,0.0098803,10.03408,-0.5327305,0.6,0,98.5,0,0,,,,,,0,,,,,,0,1,0,0,0,0,0,,15,22,38,-8,16,71,92,48,69,0,0,0,0,0,0,0,0,0,0,3,480,0,-660,0
KAZ,Kazakhstan,,,Asia,,,49,0,,,,,,9.54084,0.5333334,,,8.131531,,3,47,48,,0,,,,,,,,,,,,0,1,0,0,0,0,0,,5,5,42,-33,10,58,91,34,80,0,0,1,1,0,0,1,0,0,0,0,0,0,1991,1
KEN,Kenya,1885,Germany,Africa,0,15,121,0,145,145,4.976734,145,1,7.476214,0.0111111,6.045455,0.8269649,7.056175,-2.882404,26.4,6,48.3,0,0.798,52.04,65.5,22.6,0.082504,0.011111,0,5,5,32,0,1,1,0,0,1,0,0,0,1,18,26,31,5,11,74,89,40,62,1,1,0,0,0,0,0,0,0,0,0,0,1,1963,1
KGZ,Kyrgyz Republic,,,Asia,,,70,0,,,,,,7.787141,0.4555556,,,7.575585,,0,70,30,,0,,,,,,,,,,,,0,1,0,0,0,0,0,,2,12,38,-34,7,65,87,39,72,1,0,0,0,0,0,1,0,0,0,0,0,0,1991,1
KOR,"Korea, Rep.",,,Asia,,,8,0,,118,4.770685,118,0,10.335288,0.4111111,8.636364,0,9.415728,-0.967584,3.9,0,83.9,0,0,,,,,,0,,,,,,0,1,0,0,0,0,0,,11,12,37,-24,14,77,91,46,67,0,0,0,0,0,0,0,0,0,0,0,0,0,1945,1
KWT,Kuwait,,,Asia,,,82,0,,,,,,,0.3255555,7.045455,,9.803667,,2.1,95.1,2.700002,0,0,,,,,,0,,,,,,0,1,0,1,0,0,1,,25,26,48,1,26,45,77,41,65,1,1,0,0,0,0,0,0,0,0,0,0,0,1961,1
LAO,Lao PDR,,,Asia,,,163,0,,140,4.941642,,,7.981271,0.2,,0.25,7.090077,,0.8,1,98,0,0.863,,,,,,0,8,5,37,0,1,0,1,0,0,1,0,1,,26,33,40,4,21,71,87,71,87,0,0,0,0,0,0,1,0,0,0,0,0,1,1949,1
LBR,Liberia,,,Africa,,,149,0,,483,6.180017,483,0,6.484215,0.07,3.636364,0.8030553,,,1.9,21.2,58.3,0,0.95,,,,,,0,7,7,148,1,4,1,0,0,0,0,0,0,,25,29,34,13,20,87,95,76,86,0,0,0,0,0,0,0,0,0.8,0,0,0,1,1847,0
LBY,Libya,1912,Italy ,Africa,0,0,,0,,,,,1,,0.2777778,5.272727,0.1214057,,,0.2,98.1,1.600002,0,0,,,,,,0,0,3,44,0,1,1,0,0,0,0,0,1,,24,28,46,1,17,54,72,53,72,0,1,0,0,0,0,0,0,0,0,0,4500000,0,1951,1
LKA,Sri Lanka,1505,Portugal,Asia,312,395,81,0,69.8,69.8,4.245634,,,8.739891,0.0777778,6.045455,0.3257469,7.731931,-1.86433,6.8,7.2,85.6,0,0.138,73.11,17.6,27.6,0.99362,0.077778,0,7,7,47,0,1,0,1,0,1,0,0,0,1,27,31,36,15,22,71,80,66,78,0,0,0,0,0,0,0,0,0,0,0,0,1,1948,1
LSO,Lesotho,,,Africa,,,136,0,,,,,,7.582259,0.3255555,,0.2097619,7.306531,-2.764621,43.5,0,26.7,0,0,,,,,,0,9,7,29,0,1,1,0,0,1,0,0,0,,16,23,38,-9,6,51,75,25,42,0,0,0,0,0,0,1,0,0,0,0,0,1,1966,1
LTU,Lithuania,,,Other,,,27,0,,,,,,10.060447,0.6222222,,,8.237479,,80,0,,100,0,,,,,,100,,,,,,0,0,0,0,0,0,0,,5,7,33,-33,5,70,91,58,89,0,0,0,0,0,0,0,0,0,0,0,0,0,1990,1
LUX,Luxembourg,,,Other,,,56,0,,,,,,11.422868,0.5494444,10,0.2166667,10.28875,-0.0140989,93,0,5.8,100,0,,,,,,100,,,,,,0,0,0,0,0,0,1,,9,11,37,-20,5,85,95,58,91,0,0,0,0,0,0,1,0,0,0,0,0,0,1839,0
LVA,Latvia,,,Other,,,25,0,,,,,,9.95078,0.6333333,,,8.154788,,18.2,0.01,67.69,100,0,,,,,,100,,,,,,0,0,0,0,0,0,0,,4,7,33,-33,5,70,91,58,89,0,0,0,0,0,0,0,0,0,0,0,0,0,1990,1
MAR,Morocco,1884,Spain,Africa,0,16,97,0,78.2,78.2,4.35927,,,8.554794,0.3555556,7.090909,0.3479719,8.042378,-1.676647,0.2,99.4,0.3999985,1,0,66.64,51,18.5,0.367858,0.355556,1,1,1,195,1,1,1,0,0,0,1,0,1,1,24,27,48,0,12,87,92,59,72,1,0,0,0,0,0,0,0,0,0,0,0,0,1956,1
MDA,Moldova,,,Other,,,83,0,,,,,,8.338474,0.5222222,,,7.377759,,0,0,100,100,0,,,,,,100,,,,,,0,0,0,0,0,0,0,,10,8,35,-25,9,69,92,50,84,0,0,0,0,0,0,1,0,0,0,0,0,0,1991,1
MDG,Madagascar,1897,France,Africa,0,3,142,0,536.04,536.04,6.284209,,,6.885859,0.2222222,4.454545,0.0627486,6.835185,-3.194183,26,1.7,50.3,0,0.95,57.51,82.5,23.3,0.570964,0.222222,0,3,4,35,0,1,1,0,0,0,1,0,1,1,18,27,35,1,12,85,94,49,71,1,0,0,0,0,0,0,0,0,0,0,0,1,1960,1
MEX,Mexico,1521,Spain,South America,296,379,48,1,71,71,4.26268,,,9.725023,0.2555556,7.5,0.1740741,8.943768,-0.8370175,94.7,0,4.100003,15,0.00042,72.18,31,19,0.37255,0.255556,15,1,3,173,0,1,0,0,0,0,0,0,1,1,16,23,32,-3,9,66,86,26,54,0,1,0,0,0,0,0,0,0,13,4,570000,1,1810,0
MKD,"Macedonia, FYR",,,Other,,,23,0,,,,,,9.363418,0.4611111,,,8.061487,,0.5,30.1,68.4,100,0,,,,,,100,,,,,,0,0,0,0,0,0,0,,10,20,41,-22,7,70,94,46,76,0,0,0,0,0,0,1,0,0,0,0,0,0,1991,1
MLI,Mali,1880,France,Africa,0,20,151,0,2940,2940,7.986165,2940,1,7.102072,0.1888889,4,0.8085691,6.565265,-3.352407,0.7,80,19.1,0,0.9405,53.3,118,29.3,0,0.188889,0,0,3,35,0,1,1,0,0,0,1,0,1,1,29,36,47,8,19,33,94,18,73,0,1,0,0,1,0,1,0,0,0,0,0,1,1960,1
MLT,Malta,1814,England,Other,3,86,102,0,16.3,16.3,2.791165,16.3,1,10.275515,0.3944444,7.227273,0.1033333,9.427063,-0.7700282,97.3,0,2.199997,100,,,,,,,,,,,,,0,0,1,1,0,0,1,1,23,22,40,5,18,71,78,59,68,0,0,0,0,0,0,0,0,0,0,0,0,0,1964,1
MMR,Myanmar,1885,England,Asia,0,15,,0,,34.6,3.543854,34.6,1,,0.2444444,5.772727,0.3839685,,-3.540459,0.9,3.6,92.3,0,0.65436,,,,,,0,8,7,47,0,1,0,1,0,1,0,0,0,,28,34,41,13,22,71,89,52,88,0,0,0,0,0,0,0,0,0,0,0,0,1,1948,1
MNG,Mongolia,,,Asia,,,76,0,,,,,0,8.60561,0.5111111,7.363636,0.0737439,7.299798,,0,1.4,98.6,0,0,,,,,,0,,,,,,0,1,0,0,0,0,0,,-4,-6,36,-44,1,64,88,40,75,0,0,1,0,0,0,1,0,0,0,0,0,0,1921,1
MOZ,Mozambique,,,Africa,,,146,0,,,,,,6.931334,0.2016667,6.5,0.7863327,6.461468,-3.244194,31.4,13,48.8,3,0.95,,,,,,2.5,0,2,20,0,1,1,0,0,0,0,0,1,,27,34,46,7,17,65,75,57,67,1,0,0,0,0,0,0,0,0,0,0,0,1,1975,1
MRT,Mauritania,,,Africa,,,167,0,,280,5.634789,,,7.864489,0.2222222,,0.27,7.414573,-2.995732,0.3,99.4,0.2999985,0,0.76,,,,,,0,2,5,35,0,1,1,0,0,0,1,0,1,,27,36,46,7,22,51,88,30,69,0,1,0,0,0,0,0,0,0,0,0,0,1,1960,1
MUS,Mauritius,,,Africa,,,19,0,,30.5,3.417727,,,9.658152,0.2241111,,0.7084848,9.053686,-1.339411,31.2,16.4,51.5,5,0,,,,,,5,9,7,27,0,1,1,0,0,1,0,0,1,,23,27,35,10,18,80,90,56,74,0,0,0,0,0,0,0,0,0,0,0,0,1,1968,1
MWI,Malawi,1891,England,Africa,0,9,157,0,,,,,1,6.804348,0.1477778,6.818182,0.6224373,6.461468,-3.506558,27.6,16.2,24.7,0,0.95,,,,,,2.7,0,1,31,0,1,1,0,0,1,0,0,0,,19,28,34,-1,13,50,89,28,66,0,0,0,0,0,0,0,0,0,0,0,0,1,1964,1
MYS,Malaysia,1511,Portugal,Asia,306,389,12,0,17.7,17.7,2.873565,17.7,1,9.749323,0.0255556,7.954545,0.6103704,8.894258,-1.320507,2.8,49.4,46.4,0,0.23331,72,11.4,26.7,0.794407,0.025556,0,10,7,38,0,1,0,1,0,1,0,0,0,1,28,35,37,18,21,95,97,58,66,0,0,0,0,0,0,0,0,0,0,0,192000,1,1957,1
NAM,Namibia,,,Africa,,,87,0,,,,,,8.931298,0.2444444,,0.7283334,8.515191,-1.639897,19.1,0,16.7,0,0.5795,,,,,,0,9,3,5,0,1,1,0,0,1,0,0,0,,18,25,36,-4,9,27,62,11,35,1,1,0,0,0,0,0,0,0,0,0,0,1,1990,1
NER,Niger,1899,France,Africa,0,1,176,0,400,400,5.991465,78.1,0,6.49956,0.1777778,5,0.7329143,6.733402,-3.540459,0.2,87.9,11.9,0,0.9405,48.5,115,28.4,0,0.177778,0,0,3,37,0,1,1,0,0,0,1,0,1,1,29,38,46,8,19,26,91,11,68,0,1,0,0,0,0,1,0,0,0,0,0,1,1960,1
NGA,Nigeria,1800,England,Africa,17,100,131,0,2004,2004,7.602901,2004,1,7.886507,0.1111111,5.545455,0.856709,6.813445,-3.036554,12.1,45,27.1,0,0.95,50.08,81.1,26.65065,0.097769,0.111111,0,8,7,35,0,1,1,0,0,1,0,0,0,1,28,34,40,16,21,81,87,65,80,1,0,0,0,1,0,0,0,0,0,0,168000,1,1960,1
NIC,Nicaragua,1502,Spain,South America,315,398,119,1,163.3,163.3,5.095589,163.3,1,8.311885,0.1444445,5.227273,0.0991796,7.544332,-2.071473,94.7,0,0.900003,20,0.044,67.86,43.4,26.63333,0.632686,0.144445,20,1,1,157,1,1,0,0,0,0,0,0,1,1,27,31,34,20,23,80,92,44,70,0,0,0,0,0,0,0,0,0,0,0,0,1,1821,0
NLD,Netherlands,,,Other,,,31,0,,,,,,10.673557,0.5811111,10,0.0634354,9.896966,-0.2156715,42.6,1,14,100,0,,,,,,100,,,,,,0,0,0,0,0,0,1,,9,15,34,-20,6,78,89,65,85,0,0,0,0,0,0,0,0,0,0,0,9460,0,1579,0
NOR,Norway,,,Other,,,6,0,,,,,0,11.091938,0.6888889,9.954545,0.0698837,10.02393,-0.2757535,0.3,0.1,1.800005,100,0,,,,,,100,,,,,,0,0,0,0,0,0,0,,5,11,34,-26,4,68,88,52,85,0,0,0,0,0,0,0,0,0,0,0,2040000,0,1905,1
NPL,Nepal,,,Asia,,,108,0,,,,,,7.30271,0.3111111,,0.45,6.937314,,0,3,97,0,0.048,,,,,,0,1,1,195,1,1,0,1,0,1,0,0,0,,17,24,36,-2,18,68,90,53,84,0,0,0,0,0,0,1,0,0,0,0,0,1,1768,0
NZL,New Zealand,1840,England,Other,0,60,3,0,8.55,8.55,2.145931,,,10.380326,0.4555556,9.727273,0.1475699,9.756147,-0.3326794,18.7,0,43.4,91.7,0,76.9,6.8,12.8,0.959488,0.455556,93,10,7,138,10,7,0,0,1,1,0,1,0,1,15,19,31,-2,5,73,81,67,78,0,0,0,0,0,0,0,0,0,0,0,48300,0,1907,1
OMN,Oman,1507,Portugal,Asia,310,393,47,0,,,,,1,,0.2333333,7.136364,,9.208339,-0.8580219,0.1,98.9,0.8999985,0,0.63382,,,,,,0,,,,,,0,1,0,0,0,0,1,,29,31,47,11,26,58,82,60,80,0,0,0,0,0,0,0,0,0,0,0,2670000,0,1650,0
PAK,Pakistan,1857,England,Asia,0,43,107,0,36.99,36.99,3.610648,,,7.969205,0.3333333,6.045455,0.6215599,7.352441,-2.055725,0.5,96.8,1.899997,0,0.53757,63.95,74.1,23.5,0.094196,0.333333,0,1,1,48,0,1,0,1,0,1,0,0,0,1,22,24,48,-4,17,19,54,19,54,1,1,0,0,0,0,0,0,0,0,0,3220,1,1947,1
PAN,Panama,1538,Spain,South America,279,362,61,1,163.3,163.3,5.095589,163.3,1,9.71808,0.1,5.909091,0.1908333,8.836374,-1.500584,85,4.5,5.3,20,0.08004,73.6,21.4,27.5,1,0.1,20,0,3,92,0,1,0,0,0,0,0,0,1,1,27,34,36,17,21,81,91,78,92,0,0,0,0,0,0,0,0,0,0,0,0,1,1903,1
PER,Peru,1529,Spain,South America,288,371,43,1,71,71,4.26268,,,9.299445,0.1111111,5.772727,0.4315909,8.396154,-1.439695,95.1,0,2.200001,30,0.0005,68.32,45,20.5,0.173208,0.111111,30,1,1,174,4,3,0,0,0,0,0,0,1,1,22,26,34,9,16,92,95,64,80,0,1,0,0,0,0,0,0,0,9,5,16600,0,1821,0
PHL,Philippines,1565,Spain,Asia,252,335,138,0,,,,,1,8.391691,0.1444445,5.454545,0.7238207,8.098643,-2.071473,84.1,4.3,7.800001,1,0.617,,,,,,1,6,3,60,0,1,0,1,0,0,0,0,1,,27,34,38,14,22,85,93,55,74,0,0,0,0,0,0,0,0,0,0,0,2220,0,1898,0
PNG,Papua New Guinea,1884,Germany,Asia,0,16,104,0,,170,5.135798,170,1,7.971819,0.0666667,7.272727,0.8027273,,-2.551046,32.8,0,8.799999,0,0.60988,,,,,,0,10,7,19,0,1,0,1,0,1,0,0,0,,28,32,37,18,21,72,78,69,78,0,0,0,0,0,0,0,0,0,0,0,81500,0,1975,1
POL,Poland,,,Other,,,55,0,,,,,0,10.006143,0.5777778,7.681818,0.0390492,8.655214,-1.435485,81,0,18.9,100,0,,,,,,100,,,,,,0,0,0,0,0,0,0,,7,11,35,-29,7,80,93,56,87,0,0,0,0,0,0,0,0,0,0,2,1100,0,1918,1
PRK,"Korean, Dem. Peoples Republic",,,Other,,,,0,,,,,,,0.4444444,,,,,0,0,100,0,0,,,,,,0,,,,,,0,0,0,0,0,0,0,,9,-3,29,-13,20,63,80,63,80,0,0,0,0,0,0,0,0,0,0,3,0,0,1945,1
PRT,Portugal,,,Other,,,30,0,,,,,0,10.142929,0.4366667,9.181818,0.0025,9.489486,-1.005122,94.1,0,4.800002,100,0,,,,,,100,,,,,,0,0,0,0,0,0,1,,20,21,40,-1,13,62,85,48,72,0,0,0,0,0,0,0,0,0,0,0,0,0,1143,0
PRY,Paraguay,1537,Spain,South America,280,363,103,1,78.1,78.1,4.35799,,,8.722185,0.2555556,6.954545,0.4111111,8.207947,-1.771957,96,0,2.1,25,0,69.61,39.2,23,0,0.255556,25,0,1,184,1,2,0,0,0,0,0,0,1,1,22,37,43,-2,12,73,89,48,62,0,0,0,0,0,0,1,0,0,0,0,0,0,1811,0
QAT,Qatar,,,Asia,,,40,0,,,,,,11.332124,0.2811111,7.727273,,9.685331,,1.2,92.4,5.499999,0,0,,,,,,0,,,,,,0,1,0,1,0,0,1,,26,29,48,3,23,61,82,59,65,0,0,0,0,0,0,0,0,0,0,0,7630000,0,1971,1
ROM,Romania,,,Other,,,72,0,,,,,,,0.5111111,7.272727,0.1220442,8.387085,-2.180367,4.9,1.2,88.1,100,0,,,,,,100,,,,,,0,0,0,0,0,0,0,,8,16,41,-32,8,58,89,58,89,0,0,0,0,0,0,0,0,0,0,0,68000,0,1877,0
RUS,Russian Federation,,,Other,,,112,0,,,,,0,10.064797,0.6666667,8.454545,,8.405144,-0.8746691,1.4,11.3,87.3,100,0,,,,,,100,,,,,,0,0,0,0,0,0,0,,3,2,32,-32,5,58,87,43,83,0,0,1,1,0,0,0,0,0,0,0,,0,1157,0
RWA,Rwanda,,,Africa,,,52,0,,280,5.634789,,,7.211005,0.0222222,,0.0608621,6.476973,-3.146555,55.6,8.6,24.2,0,0.95,,,,,,0,1,1,34,0,1,1,0,0,0,0,0,1,,20,24,27,12,14,59,83,59,83,0,0,0,0,0,0,1,0,0,0,0,0,1,1962,1
SAU,Saudi Arabia,,,Asia,,,22,0,,,,,,10.364988,0.2777778,7.590909,,9.2399,-0.638659,0.1,98.8,0.999997,0,0.10494,,,,,,0,,,,,,0,1,0,0,0,0,0,,23,30,45,-7,19,33,65,19,44,0,1,0,0,0,0,0,0,0,0,0,1.57E+07,0,1932,1
SDN,Sudan,1898,England,Africa,0,2,143,0,88.2,88.2,4.479607,,,7.694067,0.1666667,4,0.51218,7.306531,-2.703063,4.4,73,22.5,0,0.931,54.97,70.9,28.5,0.02323,0.166667,0,8,7,41,0,1,1,0,0,1,0,0,0,1,29,40,48,5,19,18,67,10,41,0,1,0,0,1,0,0,0,0,0,0,10900,1,1956,1
SEN,Senegal,1677,France,Africa,140,223,166,0,164.66,164.66,5.103883,164.66,1,7.572484,0.1555556,6,0.7788682,7.402452,-2.631089,5.6,91,3.3,0,0.95,52.32,63.2,27.2,0.244762,0.155556,0,3,3,35,0,1,1,0,0,0,1,0,1,1,28,35,43,12,21,70,88,45,74,0,1,0,0,1,0,0,0,0,0,0,0,1,1960,1
SGP,Singapore,1819,England,Asia,0,81,1,0,17.7,17.7,2.873565,,,11.031711,0.0135556,9.318182,0.3215287,10.14643,-0.5008753,4.7,17.4,75.3,0,0,77.1,4.9,27.1,1,0.013556,4,8,7,36,0,1,0,1,0,1,0,0,0,1,28,33,36,19,21,76,82,70,78,0,0,0,0,0,0,0,0,0,0,0,0,1,1965,1
SLE,Sierra Leone,1462,Portugal,Africa,355,438,140,0,483,483,6.180017,483,1,7.214545,0.0922222,5.818182,0.8129566,6.253829,-2.748872,2.2,39.4,53.6,0,0.95,37.24,170,26.2,0.466186,0.092222,0,,,,,,1,0,0,1,0,0,0,1,25,31,33,13,20,73,83,70,79,1,0,0,0,0,0,0,0,0,0,0,0,1,1961,1
SLV,El Salvador,1609,Spain,South America,208,291,113,1,78.1,78.1,4.35799,,,8.868743,0.15,5,0.0514286,7.948032,-1.851509,96.2,0,1.400003,20,0,69.13,32,23.57101,1,0.15,20,,3,157,,3,0,0,0,0,0,0,1,1,9,20,42,-25,8,71,85,46,76,0,0,0,0,0,0,0,0,0,0,0,0,1,1821,0
SOM,Somalia,1884,England,Africa,0,16,,0,,,,,1,,0.1111111,3,0.079116,,-3.015935,0,99.8,0.1999969,0,0.95,,,,,,0,7,7,35,0,1,1,0,0,1,0,0,0,,28,30,36,15,21,78,85,75,80,1,1,0,0,0,0,0,0,0,0,0,0,1,1960,1
STP,São Tomé and Príncipe,1485,Portugal,South America,332,415,160,1,,,,,1,7.524142,0.0111111,8.409091,0,,,92.4,0,5.399999,100,,,,,,,100,,,,,,0,0,0,0,0,0,1,,19,22,44,-6,15,51,83,34,66,0,0,0,0,0,0,0,0,0,0,0,0,1,1975,1
SUR,Suriname,,,South America,,,164,1,,32.18,3.471345,,,9.089036,0.0444444,4.681818,0.75,8.01,-1.370421,36,13,14.4,1,0.247,,,,,,1,,,,,1,0,0,0,0,0,0,1,,27,33,37,17,19,87,92,66,80,0,0,0,0,0,0,0,0,0,0,0,0,1,1975,1
SVK,Slovak Republic,,,Other,,,46,0,,,,,,10.138579,0.5377778,,,8.852236,,74,0,17.6,100,0,,,,,,100,,,,,,0,0,0,0,0,0,0,,6,10,39,-27,4,74,90,51,82,0,0,0,0,0,0,1,0,0,0,0,,0,1993,1
SVN,Slovenia,,,Other,,,35,0,,,,,,10.221025,0.5111111,,,9.300181,,71.4,1.5,27.1,100,0,,,,,,,,,,,,0,0,0,0,0,0,0,,,,,,,,,,,,,,,,,0,,,,,,0,1991,1
SWE,Sweden,,,Other,,,13,0,,,,,0,10.673137,0.6888889,9.5,0.0650368,9.866304,-0.239527,1.4,0.1,30.1,100,0,,,,,,100,,,,,,0,0,0,0,0,0,0,,6,10,35,-28,8,66,89,53,86,0,0,0,0,0,0,0,0,3,0,0,0,0,1523,0
SWZ,Swaziland,,,Africa,,,123,0,,,,,,8.565272,0.2922222,,0,8.10772,-1.807889,10.8,0.1,55.2,0,0.855,,,,,,0,3,2,27,0,1,1,0,0,1,0,0,0,,,,,,,,,,,,,,,,,1,,,,,,1,1968,1
SYR,Syrian Arab Republic,,,Asia,,,144,0,,,,,,8.600718,0.3888889,5.818182,0.094792,8.029433,-0.8255364,1.3,89.6,8.900002,0,0.098,,,,,,0,,,,,,0,1,0,0,1,0,1,,20,21,45,-6,13,43,81,19,59,0,1,0,0,0,0,0,0,0,0,0,123000,0,1946,1
TCD,Chad,,,Africa,,,184,0,,280,5.634789,,,7.308457,0.1666667,,0.6662003,6.835185,-3.442019,21,44,23.4,0,0.9405,,,,,,0,0,1,35,0,1,1,0,0,0,1,0,1,,28,36,46,8,19,32,93,10,72,0,1,0,0,0,0,1,0,0,0,0,0,1,1960,1
TGO,Togo,1884,Germany,Africa,0,16,156,0,668,668,6.504288,,,6.957467,0.0888889,6.909091,0.7284868,7.222566,-3.218876,29.3,17,47.6,0,0.95,48.84,83.9,26.8,0.16769,0.088889,0,0,3,35,0,1,1,0,0,0,1,0,1,1,27,32,38,15,21,95,97,61,77,1,0,0,0,1,0,0,0,0,0,0,0,1,1960,1
THA,Thailand,,,Asia,,,18,0,,140,4.941642,140,0,9.192157,0.1666667,7.636364,0.3569488,8.774931,-1.851509,0.4,3.9,95.5,0,0.35616,,,,,,0,,,,,,0,1,0,0,0,0,0,,28,37,41,11,22,90,94,53,70,0,0,0,0,0,0,0,0,0,0,0,4260,0,1238,0
TJK,Tajikistan,,,Asia,,,141,0,,,,,,7.717247,0.4333333,,,6.887553,,0,85,15,,0,,,,,,,,,,,,0,1,0,0,0,0,0,,13,19,41,-28,9,59,82,32,63,1,1,0,0,0,0,1,0,0,0,0,0,0,1991,1
TKM,Turkmenistan,,,Asia,,,,0,,,,,,9.267021,0.4444444,,,7.640123,,0,87,13,,0,,,,,,,,,,,,0,1,0,0,0,0,0,,14,16,42,-17,14,52,77,41,69,1,0,0,0,0,0,1,0,0,0,0,0,0,1991,1
TTO,Trinidad and Tobago,1498,Spain,South America,319,402,69,1,85,85,4.442651,85,1,10.190422,0.1222222,7.454545,0.2312698,8.76873,-0.6971552,35.8,6.5,44.5,40,0,73.8,14.5,25.9,1,0.122222,40,8,7,33,0,1,0,0,0,1,0,0,0,1,26,35,38,11,16,83,89,61,76,0,0,0,0,0,0,0,0,0,0,0,442000,1,1962,1
TUN,Tunisia,1881,France,Africa,0,19,50,0,63,,4.143135,,,9.189585,0.3777778,6.454545,0.0702522,8.482602,-1.527858,0.1,99.4,0.4999985,0,0,69.5,30.3,19.6,0.479655,0.377778,3,0,1,36,0,1,1,0,0,0,1,0,1,1,24,25,48,-1,11,72,86,40,64,1,0,0,0,0,0,0,0,0,0,0,198000,0,1956,1
TUR,Turkey,,,Asia,,,71,0,,,,,,9.817301,0.4333333,7.454545,0.1635684,8.641179,-1.52326,0.1,99.2,0.700003,0,0,,,,,,0,,,,,,0,1,0,0,0,0,1,,9,15,38,-25,7,54,86,25,71,0,1,0,0,0,0,0,0,0,0,0,7970,0,1923,1
TWN,"Taiwan, China",,,Asia,,,16,0,,,,,0,,,9.227273,,,-0.809681,,,,0,0,,,,,,0,,,,,,0,1,0,,,0,,,21,30,38,0,19,90,93,62,75,0,0,0,0,0,0,0,0,0,0,0,0,0,NA,1
TZA,Tanzania,1885,Germany,Africa,0,15,134,0,145,,5.634789,145,1,7.378226,0.0666667,6.636364,0.8902469,6.253829,-3.442019,28.2,32.5,28.1,0,0.9215,47.92,81.5,25.09024,0.088189,0.066667,0,0,3,33,0,1,1,0,0,0,0,0,0,1,22,31,36,8,16,70,84,36,56,0,0,0,0,0,0,0,0,0,0,0,0,1,1964,1
UGA,Uganda,1800,England,Africa,17,100,120,0,280,,5.634789,,,7.209137,0.0111111,4.454545,0.8357907,6.966024,-3.442019,49.6,6.6,41.9,0,0.95,39.64,107,21.57432,0,0.011111,0,7,7,33,0,1,1,0,0,1,0,0,0,1,24,29,36,12,15,78,89,54,72,0,0,0,0,1,0,1,0,0,0,0,0,1,1962,1
UKR,Ukraine,,,Other,,,137,0,,,,,,8.912029,0.5444444,,,7.811974,,0,0,100,100,0,,,,,,100,,,,,,0,0,0,0,0,0,0,,5,8,35,-25,9,69,92,50,84,0,0,0,0,0,0,0,0,0,0,0,,0,1991,1
URY,Uruguay,1519,Spain,South America,298,381,89,1,71,,4.26268,,,9.682635,0.3666667,7,0.0666667,9.031214,-1.07881,59.5,0,38.6,90,0,73.93,17.5,18.4,0.312329,0.366667,60,1,1,165,1,1,0,0,0,0,0,0,1,1,20,26,43,-4,8,73,89,52,69,0,0,0,0,0,0,0,0,0,0,0,0,0,1825,0
USA,United States,1513,Spain,Other,304,387,4,0,15,,2.70805,,,10.819083,0.4222222,10,0.2090314,10.21574,0,30,0.8,25.6,83.60001,0,76.7,7.1,11.2,0.111732,0.422222,87.5,7,7,195,10,7,0,0,0,1,0,1,0,1,27,32,37,15,21,62,70,59,68,0,0,0,0,0,0,0,11,6,11,13,95700,1,1776,0
UZB,Uzbekistan,,,Asia,,,154,0,,,,,,8.186212,0.4555556,,,7.807917,,0,88,12,,0,,,,,,,,,,,,0,1,0,0,0,0,0,,13,16,42,-17,14,52,77,41,69,0,1,0,0,0,0,0,0,0,0,0,0,0,1991,1
VEN,"Venezuela, RB",1522,Spain,South America,295,378,180,1,78.1,,4.35799,,,9.509368,0.0888889,7.136364,0.0525,9.071078,-0.7031975,94.8,0,4.199997,20,0.00704,72.41,20.9,24.8,0.244409,0.088889,20,1,1,165,1,3,0,0,0,0,0,0,1,1,20,28,33,7,12,78,84,60,63,1,1,0,0,0,0,0,0,2,0,0,3040000,1,1811,0
VNM,Vietnam,1887,France,Asia,0,13,99,0,140,,4.941642,140,1,8.198421,0.1777778,6.409091,0.1176471,7.279319,,3.9,1,94.9,0,0.7011,67.39,38.2,25.55714,0.570282,0.177778,0,0,1,41,0,1,0,1,0,0,1,0,1,1,25,33,43,6,22,74,83,67,76,0,0,0,0,0,0,0,0,0,0,0,7140,1,1945,1
YEM,"Yemen, Rep.",,,Asia,1817,1900,118,0,,,,,1,7.819579,0.1666667,6.363636,0.0122,6.64639,-1.551169,0,99.5,0.4,0,0.76788,,,,,,0,,,,,,0,1,0,0,0,0,1,,30,31,41,19,24,63,79,52,69,0,0,0,0,0,0,0,0,0,0,0,309000,0,1990,1
YUG,Yugoslavia,,,Other,,,,0,,,,,0,,0.4888889,6.318182,0.2777778,,-1.203973,4,19,76,100,0,,,,,,100,,,,,,0,0,0,0,0,0,0,,,,,,,,,,,,,,,,,0,,,,,,0,NA,1
ZAF,South Africa,1652,Netherlands,Africa,165,248,39,0,,,2.74084,15.5,1,9.344904,0.3222222,6.863636,0.8309818,8.885994,-1.386294,10.4,1.3,49.3,16,0.1045,54.73,59.2,17.7,0.19633,0.322222,22,3,3,139,3,3,1,0,0,1,0,0,0,1,19,29,39,-2,7,71,91,54,67,1,0,0,0,0,1,0,47,4,0,2,0,0,1910,1
ZAR,Zaire,1867,Belgium,Africa,0,33,,0,240,,5.480639,240,1,,0,3.5,0.8722529,6.866933,-3.411248,48.4,1.4,21.2,0,0.95,50.79,90.2,23.35455,0.003987,0,8,0,1,35,0,1,1,0,0,0,0,0,1,1,25,32,36,14,19,88,95,61,73,0,0,0,0,0,0,0,0,0,0,3,4540,1,NA,1
ZMB,Zambia,,,Africa,,,94,0,,,,,,7.445404,0.1666667,6.636364,0.8293977,6.813445,-2.97593,26.2,0.3,41.6,0,0.95,,,,,,3,4,3,31,0,1,1,0,0,1,0,0,0,,21,28,38,4,14,39,85,19,71,1,0,0,0,0,0,1,0,0,0,0,0,1,1964,1
ZWE,Zimbabwe,,,Africa,,,172,0,,,,,,,0.2222222,6,0.5986364,7.696213,-2.733368,14.4,0.9,63.3,4,0.608,,,,,,7.2,7,7,72,0,1,1,0,0,1,0,0,0,,18,26,35,0,9,43,77,26,57,1,0,0,0,0,0,0,0,0,0,0,0,1,1980,1
